longitude,latitude,technology
-7.741961,12.65336,Amaranth
-7.741993,12.65318,Amaranth
-7.735381,12.62991,Amaranth
-7.735383,12.62991,Amaranth
-6.004093,11.36968,Amaranth
-7.735341,12.62988,Amaranth
-7.741785,12.65406,Amaranth
-6.004525,11.36933,Amaranth
-6.004778,11.36925,Amaranth
-6.004939,11.36919,Amaranth
-7.735379,12.6299,Amaranth
-7.740523,12.65447,Amaranth
-6.005305,11.36919,Amaranth
-6.005324,11.36921,Amaranth
-6.005326,11.36923,Amaranth
-6.005716,11.36924,Amaranth
-7.73689,12.63981,Amaranth
-7.713021,12.64718,Amaranth
-7.712619,12.64712,Amaranth
-6.005074,11.36976,Amaranth
-6.005081,11.36978,Amaranth
-6.00505,11.36983,Amaranth
-6.005145,11.37001,Amaranth
-6.005043,11.37004,Amaranth
-6.005031,11.37016,Amaranth
-6.004992,11.37023,Amaranth
-6.004996,11.37029,Amaranth
-6.004976,11.37033,Amaranth
-6.004888,11.3703,Amaranth
-6.004748,11.37013,Amaranth
-6.004816,11.37003,Amaranth
-6.004805,11.37004,Amaranth
-6.004751,11.36996,Amaranth
-5.831321,11.36766,Amaranth
-5.831331,11.36767,Amaranth
-5.831289,11.36773,Amaranth
-5.831293,11.36773,Amaranth
-5.831355,11.36778,Amaranth
-5.831331,11.36776,Amaranth
-5.831357,11.36751,Amaranth
-5.831338,11.3675,Amaranth
-5.832351,11.36759,Amaranth
-5.83132,11.36753,Amaranth
-5.831293,11.36779,Amaranth
-5.831277,11.36781,Amaranth
-5.831266,11.36781,Amaranth
-5.831322,11.36752,Amaranth
-5.831259,11.36783,Amaranth
-5.832356,11.36758,Amaranth
-5.831244,11.36783,Amaranth
-5.83234,11.36757,Amaranth
-5.83112,11.36797,Amaranth
-5.831086,11.36797,Amaranth
-5.622706,11.31347,Amaranth
-5.83108,11.36801,Amaranth
-5.837003,11.33449,Amaranth
-5.712669,11.36287,Amaranth
-5.712686,11.36287,Amaranth
-5.712682,11.36288,Amaranth
-5.712803,11.3628,Amaranth
-5.712823,11.36282,Amaranth
-5.712671,11.36287,Amaranth
-5.712822,11.36282,Amaranth
-5.712825,11.36283,Amaranth
-5.712666,11.36286,Amaranth
-5.712695,11.36288,Amaranth
-7.495818,11.41365,Amaranth
-7.497151,11.41524,Amaranth
-7.497245,11.41036,Amaranth
-7.495858,11.40925,Amaranth
-7.49582,11.40922,Amaranth
-7.498812,11.42517,Amaranth
-7.500537,11.41746,Amaranth
-7.498426,11.41419,Amaranth
-7.498405,11.41421,Amaranth
-7.498421,11.41419,Amaranth
-7.498471,11.41413,Amaranth
-7.498489,11.41412,Amaranth
-7.498589,11.41416,Amaranth
-7.500637,11.41417,Amaranth
-7.496726,11.41034,Amaranth
-7.496762,11.41034,Amaranth
-7.498415,11.41415,Amaranth
-7.498418,11.41418,Amaranth
-7.498419,11.41412,Amaranth
-7.498434,11.41409,Amaranth
-7.498435,11.41413,Amaranth
-7.49854,11.41409,Amaranth
-7.493843,11.41427,Amaranth
-7.493836,11.41427,Amaranth
-7.489622,11.41748,Amaranth
-7.493809,11.41428,Amaranth
-7.493843,11.41421,Amaranth
-7.493756,11.41426,Amaranth
-7.493813,11.41434,Amaranth
-7.493768,11.4143,Amaranth
-7.493714,11.41436,Amaranth
-7.489513,11.41757,Amaranth
-7.49369,11.41437,Amaranth
-7.491563,11.42131,Amaranth
-7.49165,11.42134,Amaranth
-7.491596,11.42133,Amaranth
-7.491593,11.42132,Amaranth
-7.491618,11.42132,Amaranth
-7.493686,11.41438,Amaranth
-7.493826,11.41431,Amaranth
-7.493775,11.41434,Amaranth
-7.493737,11.41432,Amaranth
-7.493747,11.41435,Amaranth
-7.493759,11.41439,Amaranth
-7.49375,11.41436,Amaranth
-7.493734,11.41433,Amaranth
-7.493722,11.41439,Amaranth
-7.489597,11.41758,Amaranth
-7.495329,11.43896,Amaranth
-7.492358,11.43969,Amaranth
-7.492373,11.43976,Amaranth
-7.49535,11.43895,Amaranth
-7.495464,11.43895,Amaranth
-7.495442,11.43897,Amaranth
-7.49548,11.43893,Amaranth
-7.495222,11.43891,Amaranth
-7.495283,11.439,Amaranth
-7.495358,11.43898,Amaranth
-7.495301,11.43896,Amaranth
-7.495315,11.43896,Amaranth
-7.495262,11.43907,Amaranth
-7.470858,11.42154,Amaranth
-7.502115,11.43234,Amaranth
-7.502039,11.43236,Amaranth
-7.50201,11.43233,Amaranth
-7.502106,11.43234,Amaranth
-7.470872,11.42154,Amaranth
-7.502113,11.43233,Amaranth
-7.48227,11.43203,Amaranth
-7.502113,11.43233,Amaranth
-7.502129,11.43233,Amaranth
-7.502133,11.43232,Amaranth
-7.502109,11.43234,Amaranth
-7.470862,11.42151,Amaranth
-7.502043,11.43236,Amaranth
-7.50201,11.43234,Amaranth
-7.470851,11.42152,Amaranth
-7.502148,11.4323,Amaranth
-7.558269,11.37659,Amaranth
-7.558962,11.37512,Amaranth
-7.559378,11.37587,Amaranth
-7.497516,11.44251,Amaranth
-7.554984,11.37462,Amaranth
-7.495603,11.42853,Amaranth
-7.497215,11.44262,Amaranth
-7.497375,11.4426,Amaranth
-7.49735,11.44263,Amaranth
-7.495649,11.42856,Amaranth
-7.497572,11.44254,Amaranth
-7.497579,11.4425,Amaranth
-7.497479,11.4424,Amaranth
-7.497442,11.44236,Amaranth
-7.497442,11.44236,Amaranth
-7.497396,11.44242,Amaranth
-7.497379,11.44241,Amaranth
-7.497333,11.44244,Amaranth
-7.497319,11.44246,Amaranth
-7.575158,11.3193,Amaranth
-7.576727,11.32772,Amaranth
-7.639452,12.49914,Amaranth
-7.496392,11.42319,Amaranth
-7.496454,11.42321,Amaranth
-7.558287,11.37664,Amaranth
-7.4964,11.42317,Amaranth
-7.49638,11.42318,Amaranth
-7.556356,11.37314,Amaranth
-7.557646,11.3725,Amaranth
-7.496363,11.42316,Amaranth
-7.558954,11.37513,Amaranth
-7.496331,11.42319,Amaranth
-7.496344,11.42322,Amaranth
-7.496308,11.42321,Amaranth
-7.496355,11.42325,Amaranth
-7.496345,11.42323,Amaranth
-7.427162,11.37647,Amaranth
-7.436338,11.35779,Amaranth
-7.436748,11.35786,Amaranth
-7.439784,11.35899,Amaranth
-7.493141,11.41813,Amaranth
-7.42692,11.37669,Amaranth
-7.43982,11.35901,Amaranth
-7.436618,11.35779,Amaranth
-7.42742,11.37672,Amaranth
-7.492936,11.4181,Amaranth
-7.430367,11.3744,Amaranth
-7.427101,11.37722,Amaranth
-7.482307,11.43193,Amaranth
-7.482296,11.432,Amaranth
-7.482299,11.43198,Amaranth
-7.42732,11.37649,Amaranth
-7.426858,11.37707,Amaranth
-7.427106,11.37672,Amaranth
-7.426832,11.37676,Amaranth
-7.427378,11.37693,Amaranth
-7.427456,11.37676,Amaranth
-7.427185,11.37641,Amaranth
-7.482332,11.43198,Amaranth
-7.482324,11.43198,Amaranth
-7.482313,11.43198,Amaranth
-7.485211,11.42681,Amaranth
-7.438171,11.35737,Amaranth
-7.427272,11.37631,Amaranth
-7.427185,11.37992,Amaranth
-7.485223,11.42681,Amaranth
-7.427295,11.37716,Amaranth
-7.427174,11.37647,Amaranth
-7.427359,11.37676,Amaranth
-7.427315,11.37657,Amaranth
-7.427116,11.3766,Amaranth
-7.437833,11.35727,Amaranth
-7.437796,11.35721,Amaranth
-7.438015,11.35694,Amaranth
-7.437572,11.35923,Amaranth
-7.437682,11.35709,Amaranth
-7.438228,11.35748,Amaranth
-7.437775,11.35717,Amaranth
-7.587989,11.35882,Amaranth
-7.589831,11.35975,Amaranth
-7.590547,11.36001,Amaranth
-7.590075,11.35999,Amaranth
-7.588061,11.35894,Amaranth
-7.590312,11.36001,Amaranth
-7.58777,11.35837,Amaranth
-7.588167,11.35929,Amaranth
-7.589923,11.35981,Amaranth
-7.590519,11.35995,Amaranth
-7.479903,11.43446,Amaranth
-7.588134,11.35925,Amaranth
-7.588041,11.359,Amaranth
-7.58802,11.35891,Amaranth
-7.587929,11.35913,Amaranth
-7.479897,11.43447,Amaranth
-7.479941,11.43446,Amaranth
-7.589935,11.3598,Amaranth
-7.590333,11.36002,Amaranth
-7.479936,11.43465,Amaranth
-7.59033,11.36002,Amaranth
-7.590593,11.35995,Amaranth
-7.590609,11.35995,Amaranth
-7.479991,11.43462,Amaranth
-7.479985,11.43462,Amaranth
-7.479915,11.43448,Amaranth
-7.588194,11.3621,Amaranth
-7.586634,11.36493,Amaranth
-7.589953,11.35984,Amaranth
-7.59049,11.36002,Amaranth
-7.586634,11.36502,Amaranth
-7.590532,11.36003,Amaranth
-7.480181,11.43481,Amaranth
-7.480186,11.43479,Amaranth
-7.587721,11.35852,Amaranth
-7.480182,11.43477,Amaranth
-7.480189,11.43479,Amaranth
-7.480183,11.43478,Amaranth
-7.480207,11.43476,Amaranth
-7.480201,11.43475,Amaranth
-7.453313,11.42991,Amaranth
-7.480186,11.43479,Amaranth
-7.480202,11.43481,Amaranth
-7.479932,11.43469,Amaranth
-7.588057,11.36231,Amaranth
-7.480257,11.43481,Amaranth
-7.48027,11.43474,Amaranth
-7.480224,11.43478,Amaranth
-7.480269,11.43482,Amaranth
-7.784613,11.8269,Amaranth
-7.7841,11.82687,Amaranth
-7.784381,11.8269,Amaranth
-7.784505,11.82681,Amaranth
-7.784592,11.82662,Amaranth
-7.784388,11.82662,Amaranth
-7.784291,11.8266,Amaranth
-7.784658,11.82683,Amaranth
-7.7846,11.82663,Amaranth
-7.784279,11.82662,Amaranth
-7.78956,11.82583,Amaranth
-7.784747,11.82681,Amaranth
-7.784803,11.82685,Amaranth
-7.784134,11.82683,Amaranth
-7.784307,11.8266,Amaranth
-7.78396,11.82665,Amaranth
-7.784644,11.82654,Amaranth
-7.784644,11.82654,Amaranth
-7.784775,11.82664,Amaranth
-7.784035,11.82703,Amaranth
-7.784686,11.82678,Amaranth
-7.784147,11.82695,Amaranth
-7.784527,11.82653,Amaranth
-7.784728,11.82659,Amaranth
-7.789482,11.82559,Amaranth
-7.784112,11.82684,Amaranth
-7.784243,11.82661,Amaranth
-7.935552,12.4924,Amaranth
-7.73142,12.65592,Amaranth
-7.727215,12.6596,Amaranth
-7.640646,12.49886,Amaranth
-7.731521,12.65592,Amaranth
-7.729575,12.65587,Amaranth
-7.729579,12.65587,Amaranth
-7.729174,12.65186,Amaranth
-7.729182,12.65186,Amaranth
-8.153208,12.78888,Amaranth
-8.153285,12.78867,Amaranth
-8.153223,12.78867,Amaranth
-8.152828,12.78892,Amaranth
-8.153152,12.78855,Amaranth
-8.153166,12.78857,Amaranth
-8.153151,12.78856,Amaranth
-8.153109,12.78849,Amaranth
-8.153376,12.78885,Amaranth
-8.153589,12.78882,Amaranth
-8.1537,12.78881,Amaranth
-8.153925,12.78893,Amaranth
-8.153833,12.78891,Amaranth
-8.153594,12.78866,Amaranth
-8.153754,12.78853,Amaranth
-8.153545,12.78835,Amaranth
-8.15359,12.78815,Amaranth
-8.153495,12.78799,Amaranth
-8.153488,12.78792,Amaranth
-8.12432,12.7491,Amaranth
-8.124611,12.74913,Amaranth
-8.124609,12.74913,Amaranth
-8.125032,12.7504,Amaranth
-7.980737,12.59291,Amaranth
-8.12502,12.75038,Amaranth
-8.124225,12.75086,Amaranth
-8.123542,12.75156,Amaranth
-7.735238,12.63003,Amaranth
-7.73538,12.62991,Amaranth
-7.735291,12.62988,Amaranth
-7.735321,12.62988,Amaranth
-7.735374,12.62989,Amaranth
-7.735226,12.63003,Amaranth
-8.295954,12.37133,Amaranth
-8.338485,12.35928,Amaranth
-8.278631,12.30939,Amaranth
-8.341274,12.36463,Amaranth
-8.296559,12.37977,Amaranth
-8.337618,12.37222,Amaranth
-8.328775,12.37939,Amaranth
-8.295729,12.3717,Amaranth
-8.338316,12.35838,Amaranth
-8.338755,12.36868,Amaranth
-8.338471,12.36199,Amaranth
-8.32607,12.32115,Amaranth
-8.312017,12.32971,Amaranth
-8.306261,12.32758,Amaranth
-8.338278,12.36499,Amaranth
-8.339609,12.36552,Amaranth
-8.38703,12.35296,Amaranth
-8.278567,12.30924,Amaranth
-8.278476,12.3091,Amaranth
-8.278566,12.3101,Amaranth
-8.278296,12.3089,Amaranth
-8.27816,12.30917,Amaranth
-8.341995,12.36898,Amaranth
-8.278437,12.30984,Amaranth
-8.341587,12.36848,Amaranth
-7.959266,12.38531,Amaranth
-7.95935,12.38541,Amaranth
-7.963674,12.38835,Amaranth
-7.958913,12.38514,Amaranth
-7.958324,12.38558,Amaranth
-7.959408,12.38567,Amaranth
-7.960414,12.38677,Amaranth
-7.958798,12.38517,Amaranth
-7.959059,12.38565,Amaranth
-7.958957,12.38516,Amaranth
-7.959616,12.38555,Amaranth
-7.959217,12.38558,Amaranth
-7.958611,12.38597,Amaranth
-7.959155,12.3851,Amaranth
-7.959866,12.38552,Amaranth
-7.959383,12.3851,Amaranth
-7.958201,12.38562,Amaranth
-7.95875,12.38637,Amaranth
-7.959008,12.38566,Amaranth
-7.96074,12.38709,Amaranth
-7.95848,12.38565,Amaranth
-7.959857,12.38545,Amaranth
-7.963775,12.38848,Amaranth
-7.966083,12.38614,Amaranth
-7.959614,12.38493,Amaranth
-7.959601,12.38535,Amaranth
-7.961696,12.38629,Amaranth
-7.639499,12.49914,Amaranth
-7.660562,12.49727,Amaranth
-7.639385,12.49902,Amaranth
-7.639454,12.49917,Amaranth
-7.639565,12.49896,Amaranth
-7.650789,12.53564,Amaranth
1.869489,6.410264,Amaranth
1.909018,6.413993,Amaranth
1.855794,6.411635,Amaranth
1.872942,6.388226,Amaranth
1.90913,6.414058,Amaranth
1.859716,6.397125,Amaranth
1.918873,6.403791,Amaranth
1.911431,6.393311,Amaranth
1.856723,6.446148,Amaranth
1.835378,6.438371,Amaranth
1.883692,6.420119,Amaranth
2.131869,6.585292,Amaranth
2.126117,6.587237,Amaranth
2.145192,6.49469,Amaranth
2.145519,6.495563,Amaranth
2.145131,6.494554,Amaranth
2.145554,6.495563,Amaranth
2.145429,6.495551,Amaranth
2.145297,6.495572,Amaranth
2.145127,6.495142,Amaranth
2.221157,6.554381,Amaranth
2.193125,6.535773,Amaranth
2.19383,6.52693,Amaranth
2.193644,6.530069,Amaranth
2.193206,6.535611,Amaranth
2.193157,6.52974,Amaranth
2.193817,6.526415,Amaranth
2.19325,6.531527,Amaranth
2.193233,6.529992,Amaranth
2.192767,6.528682,Amaranth
2.193139,6.533595,Amaranth
2.193173,6.53079,Amaranth
2.193542,6.52644,Amaranth
2.193868,6.526167,Amaranth
2.193163,6.531091,Amaranth
2.193253,6.530039,Amaranth
2.193659,6.526491,Amaranth
2.193684,6.52692,Amaranth
2.193089,6.531275,Amaranth
2.1928009999999998,6.528768,Amaranth
2.193256,6.532421,Amaranth
2.193862,6.526126,Amaranth
2.197109,6.538564,Amaranth
2.19414,6.522057,Amaranth
2.19674,6.539776,Amaranth
2.196561,6.548285,Amaranth
2.194203,6.522185,Amaranth
2.208849,6.487126,Amaranth
2.542246,6.606441,Amaranth
2.553355,6.580034,Amaranth
2.553232,6.579992,Amaranth
2.553314,6.579895,Amaranth
2.145652,6.495584,Amaranth
2.569966,6.621876,Amaranth
2.589799,6.571252,Amaranth
2.589902,6.571117,Amaranth
2.569995,6.6219,Amaranth
2.542492,6.602525,Amaranth
2.569991,6.621872,Amaranth
2.524298,6.614359,Amaranth
2.519969,6.613457,Amaranth
2.519758,6.613384,Amaranth
2.635104,6.550455,Amaranth
2.63583,6.550345,Amaranth
2.649907,6.544547,Amaranth
2.648246,6.545223,Amaranth
2.670409,6.547934,Amaranth
2.605094,6.586482,Amaranth
2.677881,6.5862,Amaranth
2.369701,6.730455,Amaranth
2.369658,6.730461,Amaranth
2.369692,6.730451,Amaranth
2.294103,6.688766,Amaranth
2.294399,6.688713,Amaranth
2.292066,6.731255,Amaranth
2.29275,6.730286,Amaranth
2.28709,6.731976,Amaranth
2.292126,6.731306,Amaranth
2.287069,6.731968,Amaranth
2.315696,6.774913,Amaranth
2.314989,6.775768,Amaranth
2.314811,6.775952,Amaranth
2.314772,6.775735,Amaranth
2.315563,6.774794,Amaranth
2.280136,6.781241,Amaranth
2.280179,6.781101,Amaranth
2.280177,6.781125,Amaranth
2.280118,6.781051,Amaranth
2.291992,6.730922,Amaranth
2.300665,6.629039,Amaranth
2.300662,6.629072,Amaranth
2.300683,6.62909,Amaranth
2.48103,6.714916,Amaranth
2.481064,6.714913,Amaranth
2.481068,6.714913,Amaranth
2.481083,6.714895,Amaranth
2.477195,6.6575,Amaranth
2.500845,6.670953,Amaranth
2.490582,6.665697,Amaranth
2.500516,6.649873,Amaranth
2.498032,6.656648,Amaranth
2.487009,6.677215,Amaranth
2.472205,6.669965,Amaranth
2.472214,6.669968,Amaranth
2.48033,6.752443,Amaranth
2.477134,6.639535,Amaranth
2.477129,6.63951,Amaranth
2.490696,6.671056,Amaranth
2.490725,6.671062,Amaranth
2.47715,6.639518,Amaranth
2.47706,6.639569,Amaranth
2.474813,6.752297,Amaranth
2.474817,6.752298,Amaranth
2.47484,6.752315,Amaranth
2.497204,6.661172,Amaranth
2.490472,6.665553,Amaranth
2.499418,6.670097,Amaranth
2.49048,6.66556,Amaranth
2.497208,6.661226,Amaranth
2.497236,6.661185,Amaranth
2.503334,6.632536,Amaranth
2.504583,6.633219,Amaranth
2.518862,6.637257,Amaranth
2.517822,6.639032,Amaranth
2.482667,6.7708,Amaranth
2.478931,6.767054,Amaranth
2.482971,6.771047,Amaranth
2.482783,6.770687,Amaranth
2.482978,6.771076,Amaranth
2.480373,6.75283,Amaranth
2.471983,6.709217,Amaranth
2.471957,6.709195,Amaranth
2.471942,6.70923,Amaranth
2.471938,6.70923,Amaranth
2.596733,6.373535,Amaranth
2.595826,6.375978,Amaranth
2.596739,6.373564,Amaranth
2.596797,6.374485,Amaranth
2.596181,6.369242,Amaranth
2.596707,6.370058,Amaranth
2.596314,6.373181,Amaranth
2.596438,6.373913,Amaranth
2.595826,6.372411,Amaranth
2.596647,6.373416,Amaranth
1.720244,6.629805,Amaranth
1.712845,6.63003,Amaranth
1.708422,6.614186,Amaranth
1.71741,6.603979,Amaranth
1.710263,6.626435,Amaranth
1.718856,6.616514,Amaranth
1.685217,6.727172,Amaranth
1.710769,6.639299,Amaranth
1.70456,6.628393,Amaranth
1.710889,6.639351,Amaranth
1.708282,6.635917,Amaranth
1.710689,6.639369,Amaranth
1.702184,6.634829,Amaranth
1.70826,6.635935,Amaranth
1.708272,6.635936,Amaranth
1.709264,6.614417,Amaranth
1.711615,6.62681,Amaranth
1.708458,6.614332,Amaranth
1.718534,6.634203,Amaranth
1.708462,6.614252,Amaranth
1.751238,6.626488,Amaranth
1.717447,6.630887,Amaranth
1.721242,6.663297,Amaranth
1.722084,6.614552,Amaranth
2.158613,6.67058,Amaranth
2.159134,6.670993,Amaranth
2.158904,6.677802,Amaranth
2.162451,6.652575,Amaranth
2.158197,6.673233,Amaranth
2.158097,6.672463,Amaranth
2.162051,6.661163,Amaranth
2.158883,6.677828,Amaranth
2.158948,6.677795,Amaranth
2.162462,6.661371,Amaranth
2.158879,6.677892,Amaranth
2.185773,6.637322,Amaranth
2.185778,6.637325,Amaranth
2.185775,6.637322,Amaranth
2.185778,6.637323,Amaranth
2.185843,6.637317,Amaranth
2.158308,6.673473,Amaranth
2.187808,6.635243,Amaranth
2.16251,6.659285,Amaranth
2.1586,6.670597,Amaranth
2.163338,6.659146,Amaranth
2.162524,6.652769,Amaranth
2.162358,6.65795,Amaranth
2.158366,6.673446,Amaranth
2.159184,6.670954,Amaranth
2.162416,6.661101,Amaranth
2.162831,6.663158,Amaranth
2.162504,6.661138,Amaranth
2.16284,6.663213,Amaranth
2.162082,6.661766,Amaranth
2.202309,6.663535,Amaranth
2.158366,6.673475,Amaranth
2.162328,6.659035,Amaranth
2.158714,6.67111,Amaranth
2.163375,6.659126,Amaranth
2.395884,6.365638,Amaranth
2.397852,6.368136,Amaranth
2.399447,6.347963,Amaranth
2.39657,6.365245,Amaranth
2.386727,6.350216,Amaranth
2.397274,6.363132,Amaranth
2.386586,6.350536,Amaranth
2.402719,6.358364,Amaranth
2.353594,6.380704,Amaranth
2.396203,6.365079,Amaranth
2.337866,6.351474,Amaranth
2.357939,6.353112,Amaranth
2.397233,6.365791,Amaranth
2.398959,6.367336,Amaranth
2.399833,6.366254,Amaranth
2.397955,6.366919,Amaranth
2.398634,6.368377,Amaranth
2.333709,6.354437,Amaranth
2.385675,6.350446,Amaranth
2.386615,6.350517,Amaranth
2.399189,6.367251,Amaranth
2.453446,6.357855,Amaranth
2.349159,6.380718,Amaranth
2.337065,6.351325,Amaranth
2.399443,6.347977,Amaranth
2.39838,6.34788,Amaranth
2.397884,6.368112,Amaranth
2.397865,6.368113,Amaranth
2.269445,6.963575,Amaranth
2.269209,6.934052,Amaranth
2.269609,6.96406,Amaranth
2.276732,6.936617,Amaranth
2.269539,6.963625,Amaranth
2.135472,6.842983,Amaranth
2.106033,6.821024,Amaranth
2.235628,6.860899,Amaranth
2.134885,6.846242,Amaranth
2.021885,6.450341,Amaranth
2.000429,6.412971,Amaranth
2.037688,6.492202,Amaranth
1.998301,6.396201,Amaranth
2.05534,6.388461,Amaranth
2.049974,6.379368,Amaranth
2.070575,6.377425,Amaranth
1.958475,6.372874,Amaranth
1.998236,6.583354,Amaranth
1.995017,6.550054,Amaranth
1.998309,6.551145,Amaranth
2.000336,6.413032,Amaranth
2.050376,6.561555,Amaranth
1.958422,6.372881,Amaranth
2.658768,6.497583,Amaranth
2.695967,6.477981,Amaranth
2.696592,6.518792,Amaranth
2.696606,6.518719,Amaranth
2.683378,6.487896,Amaranth
2.684521,6.487832,Amaranth
2.683766,6.487632,Amaranth
2.667643,6.501227,Amaranth
2.667612,6.501248,Amaranth
2.685993,6.455953,Amaranth
2.68598,6.455943,Amaranth
2.685983,6.455961,Amaranth
2.684236,6.487648,Amaranth
2.679537,6.522432,Amaranth
2.679782,6.522442,Amaranth
2.67993,6.522295,Amaranth
2.690614,6.514105,Amaranth
2.687929,6.523627,Amaranth
2.674358,6.490291,Amaranth
2.674435,6.490105,Amaranth
2.674398,6.490156,Amaranth
2.684448,6.487789,Amaranth
2.684768,6.471942,Amaranth
2.672728,6.502528,Amaranth
2.679579,6.522359,Amaranth
2.198902,6.384343,Amaranth
2.138028,6.386349,Amaranth
2.210488,6.362731,Amaranth
2.210577,6.362661,Amaranth
2.210535,6.362696,Amaranth
2.207425,6.374925,Amaranth
2.210519,6.362692,Amaranth
2.210519,6.362683,Amaranth
2.154072,6.39643,Amaranth
2.210525,6.362715,Amaranth
2.210567,6.362685,Amaranth
2.210498,6.362689,Amaranth
2.153988,6.396406,Amaranth
2.210561,6.362696,Amaranth
2.20761,6.374966,Amaranth
2.207548,6.374886,Amaranth
2.154067,6.396464,Amaranth
2.051539,6.36447,Amaranth
2.070636,6.377396,Amaranth
2.070569,6.377427,Amaranth
2.158671,6.387752,Amaranth
2.207532,6.374891,Amaranth
2.208242,6.375083,Amaranth
2.214138,6.343828,Amaranth
2.21062,6.36266,Amaranth
2.157358,6.356082,Amaranth
2.214141,6.343828,Amaranth
2.214144,6.343825,Amaranth
2.207546,6.374914,Amaranth
2.207537,6.374862,Amaranth
2.158533,6.387849,Amaranth
2.145862,6.357237,Amaranth
2.145799,6.357106,Amaranth
2.144101,6.357161,Amaranth
2.143785,6.35949,Amaranth
2.14583,6.357007,Amaranth
2.14502,6.354947,Amaranth
2.144073,6.356356,Amaranth
2.146809,6.355699,Amaranth
2.211241,6.372872,Amaranth
2.154017,6.396417,Amaranth
2.207493,6.374815,Amaranth
2.2075650000000002,6.374874,Amaranth
1.79142,6.272385,Amaranth
1.732351,6.259901,Amaranth
1.763071,6.265931,Amaranth
1.73148,6.260996,Amaranth
1.911728,6.393882,Amaranth
1.823121,6.27915,Amaranth
1.731563,6.260978,Amaranth
1.758155,6.2652,Amaranth
1.775887,6.268509,Amaranth
1.911674,6.401133,Amaranth
1.815394,6.27733,Amaranth
3.224523,11.93626,Amaranth
3.224477,11.93624,Amaranth
3.231442,11.93681,Amaranth
3.231466,11.93686,Amaranth
3.224372,11.93625,Amaranth
3.2211,11.93287,Amaranth
3.231417,11.93687,Amaranth
3.23147,11.93676,Amaranth
3.231468,11.93681,Amaranth
3.231509,11.93677,Amaranth
3.231443,11.93677,Amaranth
3.231413,11.93687,Amaranth
3.224227,11.93601,Amaranth
3.207738,12.03102,Amaranth
3.207743,12.03105,Amaranth
3.207705,12.03097,Amaranth
3.207758,12.03102,Amaranth
3.207671,12.03097,Amaranth
3.2077,12.03102,Amaranth
3.207724,12.031,Amaranth
3.207712,12.03104,Amaranth
3.207745,12.03101,Amaranth
3.207732,12.03099,Amaranth
3.207725,12.031,Amaranth
3.207817,12.03107,Amaranth
3.207733,12.031,Amaranth
3.184362,12.06569,Amaranth
3.184296,12.06574,Amaranth
3.169351,12.0927,Amaranth
3.169404,12.09269,Amaranth
3.169318,12.09272,Amaranth
3.169383,12.09268,Amaranth
3.169352,12.09276,Amaranth
3.169424,12.09274,Amaranth
3.169313,12.09272,Amaranth
3.169377,12.09275,Amaranth
3.16931,12.09275,Amaranth
3.16932,12.09271,Amaranth
3.169356,12.09273,Amaranth
3.169393,12.09271,Amaranth
3.169328,12.09277,Amaranth
3.547187,11.70712,Amaranth
3.547172,11.70711,Amaranth
3.547141,11.70719,Amaranth
3.54713,11.70705,Amaranth
3.547189,11.70702,Amaranth
3.547139,11.707090000000001,Amaranth
3.547315,11.70736,Amaranth
3.547127,11.70713,Amaranth
3.547182,11.707,Amaranth
3.547191,11.70715,Amaranth
3.5201,11.75516,Amaranth
3.523151,11.74818,Amaranth
3.520033,11.75521,Amaranth
3.519957,11.7552,Amaranth
3.519941,11.75517,Amaranth
3.523062,11.74843,Amaranth
3.520014,11.75516,Amaranth
3.519996,11.75517,Amaranth
3.520357,11.75503,Amaranth
3.382578,11.80934,Amaranth
3.38248,11.80956,Amaranth
3.38252,11.80945,Amaranth
3.382509,11.80947,Amaranth
3.382544,11.80943,Amaranth
3.382541,11.80941,Amaranth
3.382555,11.80946,Amaranth
3.382553,11.80942,Amaranth
3.382501,11.80939,Amaranth
3.382562,11.80945,Amaranth
3.309956,11.75615,Amaranth
3.392898,11.84748,Amaranth
3.392799,11.84742,Amaranth
3.309883,11.75605,Amaranth
3.309905,11.75615,Amaranth
3.309884,11.75618,Amaranth
3.393142,11.84784,Amaranth
3.30993,11.7561,Amaranth
3.289111,11.856,Amaranth
3.289263,11.85414,Amaranth
3.382548,11.80957,Amaranth
3.289124,11.85594,Amaranth
3.289185,11.85597,Amaranth
3.28916,11.85591,Amaranth
2.21414,6.343839,Amaranth
39.0066,-10.61949,Amaranth
39.0069,-10.61986,Amaranth
39.02287,-10.60266,Amaranth
39.00886,-10.6166,Amaranth
39.00909,-10.60803,Amaranth
39.02269,-10.59729,Amaranth
39.02249,-10.60333,Amaranth
39.03165,-10.5922,Amaranth
39.00918,-10.60778,Amaranth
38.99233,-10.61313,Amaranth
39.01387,-10.60528,Amaranth
39.00666,-10.61981,Amaranth
39.0225,-10.6017,Amaranth
38.99229,-10.61314,Amaranth
39.03206,-10.59199,Amaranth
38.99231,-10.61312,Amaranth
39.00598,-10.61933,Amaranth
38.99233,-10.61313,Amaranth
39.02267,-10.60351,Amaranth
38.99901,-10.61298,Amaranth
39.00846,-10.63243,Amaranth
38.99451,-10.6242,Amaranth
38.92845,-10.541,Amaranth
38.92762,-10.54508,Amaranth
38.91464,-10.54513,Amaranth
38.91475,-10.54493,Amaranth
38.9152,-10.54548,Amaranth
38.93313,-10.55822,Amaranth
38.92391,-10.53269,Amaranth
38.92643,-10.53826,Amaranth
38.91463,-10.54505,Amaranth
38.92857,-10.54125,Amaranth
38.92766,-10.5445,Amaranth
38.92982,-10.55571,Amaranth
38.93293,-10.5584,Amaranth
38.92976,-10.5556,Amaranth
38.93375,-10.55821,Amaranth
38.93338,-10.55815,Amaranth
38.92735,-10.54501,Amaranth
38.93743,-10.5732,Amaranth
38.93513,-10.56901,Amaranth
38.9137,-10.54256,Amaranth
38.93514,-10.56894,Amaranth
38.93522,-10.569,Amaranth
38.91374,-10.54252,Amaranth
38.93506,-10.56887,Amaranth
38.91357,-10.54245,Amaranth
39.70111,-10.35775,Amaranth
39.70176,-10.35677,Amaranth
39.70745,-10.36145,Amaranth
39.70218,-10.35754,Amaranth
39.70166,-10.3569,Amaranth
39.70252,-10.35828,Amaranth
39.70361,-10.35865,Amaranth
39.71202,-10.37203,Amaranth
39.70124,-10.35798,Amaranth
39.70108,-10.35788,Amaranth
39.70085,-10.3583,Amaranth
39.7112,-10.37212,Amaranth
39.71145,-10.37082,Amaranth
39.71255,-10.37362,Amaranth
39.71154,-10.37161,Amaranth
39.70681,-10.36073,Amaranth
39.71247,-10.37282,Amaranth
39.70962,-10.36145,Amaranth
39.70327,-10.35886,Amaranth
39.70328,-10.3588,Amaranth
39.70383,-10.35965,Amaranth
39.71051,-10.36445,Amaranth
39.711,-10.37145,Amaranth
39.70494,-10.35873,Amaranth
39.70802,-10.36148,Amaranth
39.70485,-10.35842,Amaranth
40.18178,-10.29585,Amaranth
40.18179,-10.29581,Amaranth
39.84113,-10.3782,Amaranth
39.70505,-10.35824,Amaranth
39.70499,-10.35837,Amaranth
39.70413,-10.358459999999999,Amaranth
39.70428,-10.35812,Amaranth
39.703360000000004,-10.35844,Amaranth
39.70611,-10.35999,Amaranth
39.70731,-10.36056,Amaranth
39.84117,-10.37818,Amaranth
39.70889,-10.3612,Amaranth
39.84132,-10.37813,Amaranth
39.84136,-10.37813,Amaranth
39.71201,-10.36881,Amaranth
39.71016,-10.36403,Amaranth
39.71127,-10.36953,Amaranth
39.71206,-10.36933,Amaranth
39.70984,-10.36929,Amaranth
39.709,-10.36443,Amaranth
39.70902,-10.36447,Amaranth
39.70899,-10.3645,Amaranth
39.70893,-10.36447,Amaranth
39.84093,-10.37843,Amaranth
39.29718,-10.4657,Amaranth
39.29725,-10.46561,Amaranth
39.29713,-10.46565,Amaranth
39.29729,-10.46569,Amaranth
39.29726,-10.46581,Amaranth
39.29728,-10.4658,Amaranth
39.29726,-10.46586,Amaranth
39.29731,-10.4658,Amaranth
39.29728,-10.46576,Amaranth
39.29708,-10.46562,Amaranth
39.29713,-10.4655,Amaranth
39.29725,-10.4658,Amaranth
39.29723,-10.46574,Amaranth
39.29737,-10.46584,Amaranth
39.29728,-10.46582,Amaranth
39.29725,-10.46579,Amaranth
39.29732,-10.46578,Amaranth
39.31505,-10.45504,Amaranth
39.29727,-10.46582,Amaranth
39.29742,-10.46584,Amaranth
39.29735,-10.4658,Amaranth
39.29734,-10.46582,Amaranth
39.29738,-10.46585,Amaranth
39.29742,-10.46574,Amaranth
39.29726,-10.46578,Amaranth
39.27385,-10.35327,Amaranth
39.27587,-10.35736,Amaranth
39.27238,-10.35495,Amaranth
39.27478,-10.35646,Amaranth
39.27391,-10.35525,Amaranth
39.2738,-10.35525,Amaranth
39.27733,-10.35449,Amaranth
39.27242,-10.35493,Amaranth
39.27578,-10.35343,Amaranth
39.27208,-10.35503,Amaranth
39.27168,-10.37137,Amaranth
39.27166,-10.37146,Amaranth
39.2681,-10.36242,Amaranth
39.26749,-10.36471,Amaranth
39.2726,-10.35488,Amaranth
39.27673,-10.35454,Amaranth
39.27739,-10.35461,Amaranth
39.2773,-10.35798,Amaranth
39.27625,-10.35342,Amaranth
39.2765,-10.35785,Amaranth
39.2661,-10.36401,Amaranth
39.27651,-10.35781,Amaranth
39.26782,-10.35412,Amaranth
39.26817,-10.35433,Amaranth
39.27589,-10.35741,Amaranth
39.29943,-10.33229,Amaranth
39.29991,-10.33328,Amaranth
39.29995,-10.33328,Amaranth
39.2999,-10.33325,Amaranth
39.29989,-10.33328,Amaranth
39.29993,-10.33333,Amaranth
39.29998,-10.33332,Amaranth
39.29992,-10.33325,Amaranth
39.29996,-10.33326,Amaranth
39.29992,-10.33326,Amaranth
39.29684,-10.3314,Amaranth
39.27025,-10.34568,Amaranth
39.25929,-10.33967,Amaranth
39.25901,-10.33914,Amaranth
39.25653,-10.34699,Amaranth
39.25662,-10.34712,Amaranth
39.26027,-10.33776,Amaranth
39.25843,-10.34192,Amaranth
39.25353,-10.34706,Amaranth
39.25953,-10.33914,Amaranth
39.25995,-10.3386,Amaranth
39.25995,-10.33835,Amaranth
39.25634,-10.35033,Amaranth
39.25685,-10.34682,Amaranth
39.3017,-10.3362,Amaranth
39.43341,-10.27408,Amaranth
39.43231,-10.27046,Amaranth
39.4323,-10.27042,Amaranth
39.43199,-10.24985,Amaranth
39.43076,-10.24947,Amaranth
39.41951,-10.26156,Amaranth
39.42946,-10.24675,Amaranth
39.42847,-10.24757,Amaranth
39.42008,-10.25946,Amaranth
39.43127,-10.28065,Amaranth
39.43094,-10.2587,Amaranth
39.42541,-10.25186,Amaranth
39.41946,-10.26158,Amaranth
39.41571,-10.27317,Amaranth
39.43377,-10.25437,Amaranth
39.43185,-10.25021,Amaranth
39.432,-10.25013,Amaranth
39.43205,-10.25052,Amaranth
39.42926,-10.24728,Amaranth
39.4308,-10.25889,Amaranth
39.42926,-10.24719,Amaranth
39.42161,-10.23364,Amaranth
39.43087,-10.24944,Amaranth
39.43523,-10.2584,Amaranth
39.42932,-10.24716,Amaranth
39.65644,-10.13466,Amaranth
39.65818,-10.12698,Amaranth
39.65595,-10.13453,Amaranth
39.65698,-10.12608,Amaranth
39.65498,-10.13592,Amaranth
39.65892,-10.12741,Amaranth
39.65644,-10.13465,Amaranth
39.65664,-10.13363,Amaranth
39.65674,-10.13321,Amaranth
39.65622,-10.13226,Amaranth
39.65358,-10.13752,Amaranth
39.6583,-10.13394,Amaranth
39.65742,-10.13305,Amaranth
39.65789,-10.12792,Amaranth
39.65728,-10.13308,Amaranth
39.65722,-10.13319,Amaranth
39.65738,-10.133,Amaranth
39.65672,-10.13109,Amaranth
39.65832,-10.13399,Amaranth
39.65674,-10.13107,Amaranth
39.6496,-10.13587,Amaranth
39.6534,-10.1369,Amaranth
39.65377,-10.13572,Amaranth
39.65741,-10.12991,Amaranth
39.6574,-10.12986,Amaranth
39.65431,-10.13381,Amaranth
39.65472,-10.13591,Amaranth
39.64856,-10.13502,Amaranth
39.58521,-10.08996,Amaranth
39.57363,-10.0924,Amaranth
39.57483,-10.09162,Amaranth
39.56686,-10.09988,Amaranth
39.57354,-10.09231,Amaranth
39.58711,-10.09108,Amaranth
39.57789,-10.08888,Amaranth
39.57147,-10.09507,Amaranth
39.57146,-10.09506,Amaranth
39.58785,-10.09183,Amaranth
39.56759,-10.09843,Amaranth
39.57144,-10.09509,Amaranth
39.58397,-10.09012,Amaranth
39.57147,-10.09509,Amaranth
39.56683,-10.09992,Amaranth
39.57145,-10.09502,Amaranth
39.5879,-10.09185,Amaranth
39.58549,-10.09017,Amaranth
39.58536,-10.09029,Amaranth
39.57785,-10.08891,Amaranth
39.57389,-10.09295,Amaranth
39.60844,-10.11981,Amaranth
39.57147,-10.09505,Amaranth
39.58533,-10.09005,Amaranth
39.60845,-10.11976,Amaranth
39.29393,-9.08211,Amaranth
39.3147,-9.060485,Amaranth
39.31525,-9.060767,Amaranth
39.28265,-9.091735,Amaranth
39.28248,-9.092575,Amaranth
39.31491,-9.064143,Amaranth
39.28261,-9.091768,Amaranth
39.32014,-9.079172,Amaranth
39.32014,-9.079172,Amaranth
39.32014,-9.079172,Amaranth
39.32014,-9.078893,Amaranth
39.27926,-9.097935,Amaranth
39.282470000000004,-9.092133,Amaranth
39.32014,-9.079172,Amaranth
39.27736,-9.099249,Amaranth
39.32014,-9.079172,Amaranth
39.28257,-9.092703,Amaranth
39.28267,-9.092497,Amaranth
39.27714,-9.098797,Amaranth
39.31493,-9.063995,Amaranth
39.32014,-9.079172,Amaranth
39.28233,-9.093935,Amaranth
39.32014,-9.079172,Amaranth
39.32014,-9.079172,Amaranth
39.28212,-9.09427,Amaranth
39.31582,-9.06401,Amaranth
39.31657,-9.063109,Amaranth
39.32512,-9.065443,Amaranth
39.31609,-9.05816,Amaranth
39.32457,-9.064948,Amaranth
39.3162,-9.058227,Amaranth
39.31705,-9.062399,Amaranth
39.31625,-9.055611,Amaranth
39.31625,-9.055611,Amaranth
39.31625,-9.055611,Amaranth
39.31625,-9.055611,Amaranth
39.31907,-9.057097,Amaranth
39.31625,-9.055611,Amaranth
39.31625,-9.055611,Amaranth
39.31625,-9.055611,Amaranth
39.32125,-9.058273,Amaranth
39.31625,-9.055611,Amaranth
39.32515,-9.065321,Amaranth
39.31625,-9.055611,Amaranth
39.31619,-9.058196,Amaranth
39.32572,-9.064652,Amaranth
39.31625,-9.055611,Amaranth
39.31835,-9.061602,Amaranth
39.31916,-9.057085,Amaranth
39.32446,-9.065073,Amaranth
-7.671873,12.59086,Amaranth
-7.671829,12.59084,Amaranth
-7.671831,12.59083,Amaranth
-7.671888,12.59085,Amaranth
-7.671887,12.59086,Amaranth
-7.671847,12.59084,Amaranth
-7.671854,12.59087,Amaranth
-7.671869,12.59084,Amaranth
-7.671837,12.5908,Amaranth
-7.668293,12.59264,Amaranth
-7.668318,12.59267,Amaranth
-7.668254,12.59253,Amaranth
-7.6683,12.59269,Amaranth
-7.668258,12.59257,Amaranth
-7.668286,12.59255,Amaranth
-7.668247,12.59252,Amaranth
-7.668282,12.59257,Amaranth
-7.668299,12.59258,Amaranth
-7.668283,12.59257,Amaranth
-7.668303,12.5926,Amaranth
-7.668304,12.5926,Amaranth
-7.668303,12.5926,Amaranth
-7.668219,12.59267,Amaranth
-7.668225,12.59276,Amaranth
-7.668281,12.59259,Amaranth
-7.668214,12.59266,Amaranth
-7.926188,12.65238,Amaranth
-6.005373,11.36916,Amaranth
-6.005405,11.36974,Amaranth
-6.004589,11.36932,Amaranth
-6.005115,11.3701,Amaranth
-6.005246,11.37005,Amaranth
-6.004623,11.36942,Amaranth
-6.005626,11.37014,Amaranth
-6.005207,11.37008,Amaranth
-6.004674,11.36918,Amaranth
-6.004681,11.36928,Amaranth
-6.005336,11.36992,Amaranth
-5.998054,11.35817,Amaranth
-6.005207,11.37008,Amaranth
-6.005621,11.36944,Amaranth
-6.005461,11.36978,Amaranth
-6.005242,11.36996,Amaranth
-6.0053,11.36983,Amaranth
-6.005243,11.36993,Amaranth
-6.004838,11.36924,Amaranth
-6.004611,11.36948,Amaranth
-6.005603,11.36944,Amaranth
-6.005393,11.37021,Amaranth
-6.004998,11.36955,Amaranth
-6.005025,11.36964,Amaranth
-6.004933,11.36918,Amaranth
-6.004998,11.36956,Amaranth
-6.005005,11.36916,Amaranth
-6.004858,11.36922,Amaranth
-6.004708,11.36921,Amaranth
-6.004866,11.3692,Amaranth
-6.004735,11.3692,Amaranth
-6.004974,11.36979,Amaranth
-6.005045,11.36973,Amaranth
-6.005048,11.36964,Amaranth
-6.004453,11.36932,Amaranth
-6.004502,11.36926,Amaranth
-6.004733,11.36947,Amaranth
-6.004995,11.36956,Amaranth
-6.005631,11.36944,Amaranth
-6.004917,11.36977,Amaranth
-6.004457,11.36931,Amaranth
-6.004758,11.36946,Amaranth
-6.004706,11.3693,Amaranth
-6.004766,11.3695,Amaranth
-6.005749,11.36971,Amaranth
-6.005241,11.37025,Amaranth
-6.005582,11.36981,Amaranth
-6.005232,11.3697,Amaranth
-6.005018,11.3691,Amaranth
-6.004698,11.36962,Amaranth
-6.004683,11.36947,Amaranth
-5.666651,11.33226,Amaranth
-6.005258,11.3698,Amaranth
-5.997703,11.35671,Amaranth
-6.004922,11.36962,Amaranth
-5.666689,11.33238,Amaranth
-5.997378,11.35765,Amaranth
-6.00463,11.3693,Amaranth
-6.00502,11.36919,Amaranth
-6.004613,11.36934,Amaranth
-6.00569,11.36984,Amaranth
-5.666657,11.33238,Amaranth
-7.587589,11.36565,Amaranth
-7.58811,11.35905,Amaranth
-7.587902,11.35896,Amaranth
-7.587926,11.35933,Amaranth
-7.587933,11.35884,Amaranth
-7.587922,11.35883,Amaranth
-7.58805,11.35892,Amaranth
-7.588211,11.35932,Amaranth
-7.588096,11.35929,Amaranth
-7.583991,11.35687,Amaranth
-7.583991,11.35687,Amaranth
-7.481984,11.43188,Amaranth
-7.584004,11.35679,Amaranth
-7.582332,11.3659,Amaranth
-7.584004,11.35679,Amaranth
-7.587119,11.36544,Amaranth
-7.48888,11.43052,Amaranth
-7.585513,11.36943,Amaranth
-7.495412,11.43815,Amaranth
-7.476447,11.44026,Amaranth
-7.584013,11.35687,Amaranth
-7.588199,11.35905,Amaranth
-7.587095,11.36584,Amaranth
-7.584009,11.35682,Amaranth
-7.590509,11.35997,Amaranth
-7.584042,11.35741,Amaranth
-7.584075,11.35744,Amaranth
-7.587551,11.36618,Amaranth
-7.587968,11.35904,Amaranth
-7.58821,11.3591,Amaranth
-7.585298,11.36936,Amaranth
-7.583662,11.36508,Amaranth
-7.584075,11.35744,Amaranth
-7.587551,11.36618,Amaranth
-7.587137,11.36601,Amaranth
-7.583693,11.35692,Amaranth
-7.582296,11.36592,Amaranth
-7.582318,11.36594,Amaranth
-7.58704,11.36559,Amaranth
-7.587574,11.36572,Amaranth
-7.587248,11.36571,Amaranth
-7.587725,11.36631,Amaranth
-7.587426,11.3664,Amaranth
-7.587703,11.36626,Amaranth
-7.588154,11.36217,Amaranth
-7.588004,11.36237,Amaranth
-7.587121,11.36554,Amaranth
-7.584078,11.35703,Amaranth
-7.584087,11.35701,Amaranth
-7.587932,11.35911,Amaranth
-7.584061,11.35698,Amaranth
-7.587818,11.36625,Amaranth
-7.584118,11.35702,Amaranth
-7.436302,11.35783,Amaranth
-7.490457,11.43247,Amaranth
-7.43664,11.3578,Amaranth
-7.436395,11.35786,Amaranth
-7.427664,11.37937,Amaranth
-7.490388,11.43249,Amaranth
-7.49043,11.43246,Amaranth
-7.427294,11.37984,Amaranth
-7.427632,11.37934,Amaranth
-7.49047,11.43244,Amaranth
-7.427661,11.37934,Amaranth
-7.427513,11.37939,Amaranth
-7.490556,11.43242,Amaranth
-7.490438,11.43252,Amaranth
-7.427358,11.37672,Amaranth
-7.490398,11.43252,Amaranth
-7.436721,11.35789,Amaranth
-7.427368,11.37715,Amaranth
-7.490551,11.43232,Amaranth
-7.427766,11.37952,Amaranth
-7.427506,11.37949,Amaranth
-7.427237,11.38001,Amaranth
-7.427269,11.37987,Amaranth
-7.490513,11.43241,Amaranth
-7.427357,11.37673,Amaranth
-7.427611,11.37946,Amaranth
-7.490401,11.43254,Amaranth
-7.490383,11.43253,Amaranth
-7.490398,11.43253,Amaranth
-7.427379,11.37952,Amaranth
-7.49047,11.4325,Amaranth
-7.427327,11.37685,Amaranth
-7.427319,11.37713,Amaranth
-7.427167,11.37675,Amaranth
-7.4272030000000004,11.37642,Amaranth
-7.427131,11.3768,Amaranth
-7.42723,11.37689,Amaranth
-7.427202,11.37678,Amaranth
-7.427384,11.37944,Amaranth
-7.490463,11.43241,Amaranth
-7.427392,11.37713,Amaranth
-7.427283,11.37663,Amaranth
-7.42727,11.37666,Amaranth
-7.427368,11.37667,Amaranth
-7.427398,11.37642,Amaranth
-7.427065,11.37642,Amaranth
-7.427278,11.37647,Amaranth
-7.427209,11.37645,Amaranth
-7.427401,11.37699,Amaranth
-7.42735,11.37712,Amaranth
-7.67815,11.34759,Amaranth
-7.678185,11.34763,Amaranth
-7.678125,11.34761,Amaranth
-7.677965,11.34761,Amaranth
-7.677964,11.34761,Amaranth
-8.146232,12.38925,Amaranth
-8.146167,12.38926,Amaranth
-8.116524,12.73729,Amaranth
-8.146195,12.38927,Amaranth
-8.116594,12.73729,Amaranth
-7.938343,12.39076,Amaranth
-7.93878,12.39085,Amaranth
-7.938682,12.39094,Amaranth
-7.93872,12.39086,Amaranth
-7.938583,12.39066,Amaranth
-7.938639,12.39086,Amaranth
-7.938085,12.39099,Amaranth
-7.937964,12.390930000000001,Amaranth
-7.938171,12.3908,Amaranth
-7.938216,12.39085,Amaranth
-7.938339,12.39074,Amaranth
-7.938203,12.39085,Amaranth
-7.938749,12.39076,Amaranth
-7.938498,12.39067,Amaranth
-7.938781,12.39083,Amaranth
-7.938687,12.3909,Amaranth
-7.938422,12.39082,Amaranth
-8.279863,12.35164,Amaranth
-8.341835,12.36861,Amaranth
-8.278584,12.30957,Amaranth
-8.278728,12.30958,Amaranth
-8.29649,12.37145,Amaranth
-8.296465,12.37151,Amaranth
-8.296446,12.37155,Amaranth
-8.339407,12.36562,Amaranth
-8.278458,12.30947,Amaranth
-8.302518,12.36987,Amaranth
-7.528049,12.91621,Amaranth
-7.528124,12.91634,Amaranth
-7.569723,12.84889,Amaranth
-7.569683,12.8489,Amaranth
-7.569725,12.84888,Amaranth
-7.627378,12.82426,Amaranth
-7.626113,12.82327,Amaranth
-7.626847,12.82449,Amaranth
-7.626071,12.82326,Amaranth
-7.621249,12.84087,Amaranth
-7.622512,12.84194,Amaranth
-7.619917,12.84163,Amaranth
-7.622821,12.84277,Amaranth
-7.62744,12.82286,Amaranth
-7.626846,12.82443,Amaranth
-7.482337,11.43194,Amaranth
-7.48217,11.43146,Amaranth
-7.482179,11.43109,Amaranth
-7.482183,11.43108,Amaranth
-7.485249,11.42677,Amaranth
-7.492121,11.43637,Amaranth
-7.483573,11.42496,Amaranth
-7.491455,11.43831,Amaranth
-7.486921,11.434,Amaranth
-7.475466,11.43493,Amaranth
-7.476703,11.43678,Amaranth
-7.47694,11.43648,Amaranth
-7.477181,11.43638,Amaranth
-7.477377,11.43706,Amaranth
-7.477911,11.43713,Amaranth
-7.47777,11.43712,Amaranth
-7.477195,11.43792,Amaranth
-7.478119,11.43697,Amaranth
-7.477972,11.43695,Amaranth
-7.478144,11.43687,Amaranth
-7.475433,11.4355,Amaranth
-7.476803,11.43138,Amaranth
-7.476985,11.43108,Amaranth
-7.478699,11.42971,Amaranth
-7.478301,11.43072,Amaranth
-7.502467,11.42269,Amaranth
-7.502466,11.4227,Amaranth
-7.502524,11.42292,Amaranth
-7.485757,11.43982,Amaranth
-7.476187,11.40281,Amaranth
-7.476176,11.4028,Amaranth
-7.476167,11.4028,Amaranth
-7.477546,11.40013,Amaranth
-7.476152,11.40281,Amaranth
-7.477688,11.39828,Amaranth
-7.476111,11.40284,Amaranth
-7.476031,11.40288,Amaranth
-7.477628,11.40015,Amaranth
-7.476021,11.4029,Amaranth
-7.473747,11.40253,Amaranth
-7.485703,11.43987,Amaranth
-7.497826,11.42083,Amaranth
-7.477742,11.39821,Amaranth
-7.476008,11.40289,Amaranth
-7.475998,11.40288,Amaranth
-7.475933,11.40288,Amaranth
-7.477779,11.39858,Amaranth
-7.475887,11.4029,Amaranth
-7.475888,11.40291,Amaranth
-7.493541,11.41442,Amaranth
2.292051,6.44099,Amaranth
2.292026,6.440629,Amaranth
2.292243,6.440604,Amaranth
2.293172,6.441336,Amaranth
2.292557,6.441839,Amaranth
2.292195,6.441064,Amaranth
2.337109,6.39617,Amaranth
2.33599,6.396423,Amaranth
2.339495,6.396548,Amaranth
2.339932,6.395968,Amaranth
2.339701,6.396287,Amaranth
2.370222,6.606768,Amaranth
2.370267,6.568233,Amaranth
2.370328,6.568202,Amaranth
2.326358,6.559237,Amaranth
2.294172,6.431082,Amaranth
2.29414,6.431103,Amaranth
2.295221,6.433195,Amaranth
2.293386,6.429349,Amaranth
2.291422,6.425577,Amaranth
2.34649,6.629385,Amaranth
2.338557,6.406216,Amaranth
2.35976,6.578991,Amaranth
2.355462,6.599615,Amaranth
2.298102,6.437258,Amaranth
2.298864,6.438199,Amaranth
2.299278,6.439112,Amaranth
2.299006,6.438236,Amaranth
2.2981,6.437254,Amaranth
2.299062,6.438814,Amaranth
2.254461,6.473537,Amaranth
2.37238,6.60553,Amaranth
2.264974,6.431945,Amaranth
2.250972,6.459681,Amaranth
2.254755,6.466817,Amaranth
2.295356,6.433764,Amaranth
2.32094,6.471895,Amaranth
2.321195,6.471802,Amaranth
2.328291,6.434662,Amaranth
2.322217,6.473094,Amaranth
2.31304,6.400684,Amaranth
2.313358,6.400606,Amaranth
2.301842,6.443188,Amaranth
2.301154,6.441508,Amaranth
2.312229,6.493092,Amaranth
2.311997,6.493813,Amaranth
2.311745,6.495088,Amaranth
2.311905,6.493033,Amaranth
2.312302,6.488795,Amaranth
2.311373,6.518167,Amaranth
2.398609,6.367104,Amaranth
2.396229,6.365213,Amaranth
2.398779,6.366971,Amaranth
2.399006,6.367367,Amaranth
2.395363,6.367405,Amaranth
2.396898,6.367315,Amaranth
2.396108,6.367325,Amaranth
2.39541,6.366772,Amaranth
2.398416,6.368221,Amaranth
2.397828,6.368375,Amaranth
2.398856,6.368463,Amaranth
2.397536,6.367942,Amaranth
2.398501,6.368571,Amaranth
2.39793,6.368035,Amaranth
2.398438,6.368474,Amaranth
2.398461,6.368561,Amaranth
2.366852,6.356458,Amaranth
2.322297,6.351459,Amaranth
2.357971,6.353253,Amaranth
2.355048,6.355533,Amaranth
2.358244,6.353368,Amaranth
2.333855,6.354217,Amaranth
2.33421,6.35406,Amaranth
2.358629,6.351056,Amaranth
2.366509,6.354818,Amaranth
2.367559,6.354204,Amaranth
2.36741,6.354181,Amaranth
2.459453,6.355836,Amaranth
2.458229,6.358243,Amaranth
2.460549,6.35839,Amaranth
2.461733,6.357825,Amaranth
2.460342,6.358009,Amaranth
2.4591,6.357999,Amaranth
2.353298,6.380637,Amaranth
2.355018,6.380514,Amaranth
2.353409,6.380529,Amaranth
2.349272,6.380792,Amaranth
2.349245,6.380532,Amaranth
2.349217,6.380934,Amaranth
2.349052,6.380948,Amaranth
2.386789,6.350492,Amaranth
2.385857,6.350542,Amaranth
2.399617,6.366264,Amaranth
2.396759,6.364684,Amaranth
2.3996,6.366123,Amaranth
2.395987,6.365352,Amaranth
2.397125,6.365564,Amaranth
2.399589,6.366078,Amaranth
2.397685,6.365157,Amaranth
2.398267,6.367847,Amaranth
2.600068,6.37651,Amaranth
2.603271,6.373436,Amaranth
2.601252,6.376849,Amaranth
2.601456,6.374524,Amaranth
2.599569,6.377328,Amaranth
2.603472,6.38328,Amaranth
2.601011,6.374419,Amaranth
2.601364,6.376876,Amaranth
2.60372,6.3726,Amaranth
2.600409,6.373415,Amaranth
2.603162,6.383227,Amaranth
2.603315,6.383229,Amaranth
2.603343,6.383205,Amaranth
2.603269,6.383227,Amaranth
2.603424,6.383172,Amaranth
2.594968,6.376555,Amaranth
2.595838,6.376195,Amaranth
2.595747,6.373633,Amaranth
2.59685,6.374451,Amaranth
2.603184,6.382912,Amaranth
2.597612,6.370186,Amaranth
2.595491,6.374005,Amaranth
2.596708,6.374006,Amaranth
2.603277,6.382995,Amaranth
2.603073,6.383142,Amaranth
2.603059,6.382986,Amaranth
2.574421,6.365472,Amaranth
2.571764,6.3641,Amaranth
2.572994,6.363505,Amaranth
2.572962,6.371842,Amaranth
2.57257,6.367754,Amaranth
2.571719,6.363566,Amaranth
2.571194,6.364054,Amaranth
2.571136,6.370376,Amaranth
2.572253,6.371496,Amaranth
2.573378,6.364766,Amaranth
2.613902,6.376031,Amaranth
2.614022,6.375769,Amaranth
2.613539,6.376042,Amaranth
2.687019,6.376342,Amaranth
2.603186,6.383137,Amaranth
2.574858,6.371185,Amaranth
2.5749,6.371337,Amaranth
2.572186,6.371984,Amaranth
2.572915,6.372146,Amaranth
2.573934,6.372668,Amaranth
2.57263,6.374911,Amaranth
2.571956,6.372354,Amaranth
2.572351,6.365538,Amaranth
2.572576,6.374881,Amaranth
2.548584,6.551952,Amaranth
2.620101,6.501764,Amaranth
2.554447,6.543735,Amaranth
2.540945,6.601223,Amaranth
2.55624,6.538162,Amaranth
2.544039,6.571543,Amaranth
2.553103,6.591398,Amaranth
2.530311,6.615356,Amaranth
2.530044,6.615668,Amaranth
2.57301,6.625963,Amaranth
2.541374,6.602651,Amaranth
2.542068,6.604828,Amaranth
2.552491,6.586628,Amaranth
2.531865,6.628444,Amaranth
2.620101,6.501764,Amaranth
2.542423,6.602511,Amaranth
2.541549,6.602681,Amaranth
2.541984,6.602945,Amaranth
2.531837,6.628446,Amaranth
2.540873,6.601298,Amaranth
2.552377,6.586553,Amaranth
2.542039,6.603498,Amaranth
2.541193,6.601233,Amaranth
2.540475,6.606469,Amaranth
2.534185,6.629822,Amaranth
2.540043,6.604965,Amaranth
2.54232,6.606422,Amaranth
2.541888,6.605386,Amaranth
2.552496,6.586619,Amaranth
2.542284,6.606408,Amaranth
2.620101,6.501764,Amaranth
2.531818,6.628454,Amaranth
2.541183,6.60121,Amaranth
2.552537,6.586673,Amaranth
2.538771,6.604193,Amaranth
2.541984,6.602945,Amaranth
2.542773,6.60139,Amaranth
2.54226,6.606418,Amaranth
2.541984,6.602945,Amaranth
2.540786,6.60125,Amaranth
2.541113,6.601263,Amaranth
2.541984,6.602945,Amaranth
2.541247,6.601897,Amaranth
2.542302,6.60637,Amaranth
2.531867,6.628396,Amaranth
2.531888,6.628448,Amaranth
2.540958,6.602004,Amaranth
2.559964,6.525166,Amaranth
2.563916,6.619846,Amaranth
1.791893,6.272304,Amaranth
1.726115,6.259105,Amaranth
1.773225,6.267932,Amaranth
1.715537,6.255757,Amaranth
1.729568,6.259818,Amaranth
1.72453,6.260909,Amaranth
1.790537,6.273141,Amaranth
1.790841,6.271898,Amaranth
1.790617,6.271967,Amaranth
1.79148,6.272468,Amaranth
1.791565,6.272526,Amaranth
1.790644,6.271814,Amaranth
1.750075,6.263229,Amaranth
1.787315,6.272094,Amaranth
1.722918,6.258318,Amaranth
1.823832,6.2809,Amaranth
1.717068,6.256415,Amaranth
1.773393,6.268017,Amaranth
1.824016,6.280686,Amaranth
1.763053,6.269472,Amaranth
1.7581,6.266002,Amaranth
1.751925,6.263187,Amaranth
1.770439,6.27143,Amaranth
2.583856,6.49142,Amaranth
2.625327,6.467129,Amaranth
2.625432,6.467072,Amaranth
2.625441,6.467704,Amaranth
2.599998,6.522853,Amaranth
2.632162,6.466717,Amaranth
2.636788,6.484136,Amaranth
2.63529,6.465389,Amaranth
2.639792,6.482417,Amaranth
2.634484,6.465773,Amaranth
2.597221,6.518973,Amaranth
2.651085,6.476992,Amaranth
2.650438,6.477342,Amaranth
2.636802,6.484432,Amaranth
2.580366,6.506611,Amaranth
2.634847,6.465896,Amaranth
2.63778,6.46523,Amaranth
2.643985,6.491886,Amaranth
2.579283,6.499267,Amaranth
2.639818,6.482352,Amaranth
2.634221,6.465547,Amaranth
2.63697,6.484207,Amaranth
2.631954,6.46681,Amaranth
2.580593,6.506786,Amaranth
2.580382,6.506579,Amaranth
2.583455,6.509775,Amaranth
2.583456,6.510063,Amaranth
2.596901,6.518698,Amaranth
2.638966,6.500155,Amaranth
